{"cameraMode":{"drawMode":0,"name":"Shaded","section":"Shading Mode"},"sceneLighting":true,"audioPlay":false,"sceneViewState":{"m_AlwaysRefresh":false,"showFog":true,"showSkybox":true,"showFlares":true,"showImageEffects":true,"showParticleSystems":true,"showVisualEffectGraphs":true,"m_FxEnabled":true},"in2DMode":false,"pivot":{"x":-1.1601494550704957,"y":3.9577391147613527,"z":-10.398914337158204},"rotation":{"x":0.058515921235084537,"y":0.9036434888839722,"z":-0.13103149831295014,"w":0.40354228019714358},"size":20.965120315551759,"orthographic":true}